Dimension,Weight
Psychological,0.22128430061520496
Physical,0.19745379602546967
Environmental,0.17442862659798664
Academic,0.21323979417510108
Social,0.1935934825862377
