"lhs","op","rhs","est","se","z","pvalue","ci.lower","ci.upper","std.lv","std.all","std.nox"
"stress_level","~","Psychological_Score",0.795077185877971,0.0727168659868259,10.9338758634347,0,0.652554747475166,0.937599624280775,0.795077185877971,0.343294922541513,0.343138843914423
"stress_level","~","Physical_Score",0.294139633987323,0.0791634122398454,3.71560075121766,0.000202721466663558,0.138982197103928,0.449297070870717,0.294139633987323,0.127002314567186,0.126944573116342
"stress_level","~","Environmental_Score",-0.222761081355454,0.0432300245933335,-5.15292515909893,2.56454332880907e-07,-0.307490372609168,-0.138031790101739,-0.222761081355454,-0.0961827977553381,-0.0961390683610545
"stress_level","~","Academic_Score",0.432631691988593,0.0554229759119614,7.80599895386025,5.99520433297585e-15,0.324004655285118,0.541258728692068,0.432631691988593,0.186714876576136,0.186714876576136
"stress_level","~","Social_Score",0.522146277463236,0.0527497284573813,9.89855858471574,0,0.418758709492501,0.625533845433971,0.522146277463236,0.225450018011953,0.225347517430154
