"lhs","op","rhs","est","se","z","pvalue","ci.lower","ci.upper","std.lv","std.all","std.nox"
"stress_level","~","Psychological_Score",0.81804240755483,0.0711241670740334,11.501609666702,0,0.678641601659315,0.957443213450345,0.81804240755483,0.353846368948113,0.353685493118498
"stress_level","~","Physical_Score",0.293655244556681,0.0788879320114817,3.72243557498683,0.000197310263097439,0.139037738999333,0.44827275011403,0.293655244556681,0.127021339052019,0.126963588951715
"stress_level","~","Environmental_Score",-0.230677256861166,0.0428554192704147,-5.38268580236279,7.33825655796494e-08,-0.314672335173542,-0.146682178548789,-0.230677256861166,-0.0997800468354859,-0.0997346819561984
"stress_level","~","Academic_Score",0.441606355824847,0.0554321996901321,7.96660349568378,1.55431223447522e-15,0.332961240848356,0.550251470801338,0.441606355824847,0.19093113056453,0.19093113056453
"stress_level","~","Social_Score",0.534802577510261,0.0523275533299564,10.2202863210136,0,0.432242457584447,0.637362697436074,0.534802577510261,0.231330244506197,0.231225070486437
