"lhs","op","rhs","est","se","z","pvalue","ci.lower","ci.upper","std.lv","std.all","std.nox"
"stress_level","~","Personal_Factors",0.40069281829902,0.112890157738398,3.54940436195997,0.000386103687763484,0.179432174922714,0.621953461675327,0.220636610411899,0.139989974767125,0.139989974767125
"stress_level","~","Contextual_Factors",1.2540120338593,0.139249828687011,9.00548349454648,0,0.981087384779389,1.52693668293922,0.5940718409655,0.376927935356528,0.376927935356528
"stress_level","~","Environmental_Score",-0.789460360307065,0.037191155673373,-21.2270994545157,0,-0.862353685970299,-0.716567034643831,-0.789460360307065,-0.501126285336931,-0.500898448868988
"stress_level","~","mental_health_history",1.16390762751002,0.0955608891266933,12.1797488297427,0,0.976611726491073,1.35120352852896,1.16390762751002,0.369368134981157,0.738478528573354
